,min_cluster_size,umap_n_neighbors,umap_n_components,min_samples,n_topics,outlier_pct
min_cluster_size,1.0,0.0,0.0,0.0,-0.32027465912585257,0.10824451677911376
umap_n_neighbors,0.0,1.0,0.0,0.0,-0.07118069604729227,0.15502379675561742
umap_n_components,0.0,0.0,1.0,0.0,0.022710623800585073,0.0668537794674483
min_samples,0.0,0.0,0.0,1.0,-0.026770886034436718,0.06054467541693634
n_topics,-0.32027465912585257,-0.07118069604729227,0.022710623800585073,-0.026770886034436718,1.0,0.49277329936584147
outlier_pct,0.10824451677911376,0.15502379675561742,0.0668537794674483,0.06054467541693634,0.49277329936584147,1.0
